Well,VariantAA,ReadCount
A1,AA,3
A1,IV,1
A3,IG,1
A4,LT,1
B1,AA,308
B1,LT,173
B1,PI,129
B1,RP,58
B1,IA,50
B1,*L,37
B1,RL,33
B1,IV,29
B1,LE,8
B1,HY,4
B1,PC,3
B1,VY,3
B1,AI,2
B1,DT,2
B1,EW,2
B1,HL,2
B1,PE,2
B1,SL,2
B1,TE,2
B1,TS,2
B1,*G,1
B1,*K,1
B1,*R,1
B1,AL,1
B1,AM,1
B1,CG,1
B1,G*,1
B1,GI,1
B1,GM,1
B1,HA,1
B1,HP,1
B1,HT,1
B1,I*,1
B1,IP,1
B1,LD,1
B1,LG,1
B1,LL,1
B1,LY,1
B1,NV,1
B1,PM,1
B1,RE,1
B1,RQ,1
B1,TW,1
B1,VG,1
B1,VL,1
B1,VR,1
B1,VV,1
B2,AA,14
B2,LT,12
B2,PI,10
B2,RP,5
B2,IV,3
B2,RL,3
B2,CL,1
B2,IA,1
B2,LE,1
B2,SL,1
B2,TL,1
B3,AA,1
B3,LT,1
C6,AA,1
D1,AA,1
E1,AA,1
E1,PI,1
E2,AA,2
E2,LT,1
E2,PI,1
E2,RP,1
E2,VY,1
E5,AA,1
E5,RL,1
F3,LT,1
F4,AA,1
F4,IV,1
F4,PI,1
F6,IA,1
G4,AA,1
G4,EG,1
G4,LT,1
G4,PI,1
G6,*L,1
G6,AA,1
G6,LT,1
G6,PI,1
H1,*L,1
H2,AA,1
H2,AG,1
H4,AA,2
H5,AA,3
Unassigned,AA,217
Unassigned,LT,120
Unassigned,PI,77
Unassigned,RP,53
Unassigned,IA,34
Unassigned,*L,26
Unassigned,IV,22
Unassigned,RL,18
Unassigned,LL,5
Unassigned,EW,3
Unassigned,HP,3
Unassigned,LS,3
Unassigned,SL,3
Unassigned,CV,2
Unassigned,LE,2
Unassigned,PE,2
Unassigned,*G,1
Unassigned,*K,1
Unassigned,*R,1
Unassigned,AI,1
Unassigned,CG,1
Unassigned,CL,1
Unassigned,DT,1
Unassigned,ER,1
Unassigned,GE,1
Unassigned,GK,1
Unassigned,GP,1
Unassigned,GR,1
Unassigned,H*,1
Unassigned,HL,1
Unassigned,HV,1
Unassigned,IM,1
Unassigned,LG,1
Unassigned,LP,1
Unassigned,MA,1
Unassigned,NI,1
Unassigned,NY,1
Unassigned,PC,1
Unassigned,SA,1
Unassigned,TL,1
Unassigned,TY,1
Unassigned,VA,1
Unassigned,VL,1
Unassigned,VR,1
Unassigned,VY,1
